姓名,手机,手机2,邮箱,分组
杨十五,13988904191,13867290332,5835984@qq.com,工作
杨三二,13983108976,13862797742,3025569@qq.com,工作
王四七,13988982600,13863370676,9108301@qq.com,工作
李八五,13985230447,13866564177,2794646@qq.com,工作
王四九,13989250634,13865047832,4891291@qq.com,工作
李一六,13985447550,,5920862@qq.com,工作
杨四二,13981772341,,7294978@qq.com,工作
王三五,13981990332,,3175466@qq.com,工作
周四五,13988364579,,897809@qq.com,工作
王七三,13981776182,,4732333@qq.com,工作
杨六七,13980258195,13868947999,8079914@qq.com,工作
李四八,13985327048,13867330048,3858117@qq.com,工作
徐七三,13986219539,13865270377,5680000@qq.com,工作
徐三四,13989455099,13863029298,5294207@qq.com,工作
张一六,13987073291,13865476214,7246420@qq.com,工作
杨三五,13984272799,13868095716,6579130@qq.com,工作
李七九,13984152484,13866208650,5872759@qq.com,工作
刘七六,13986180690,13863817004,6616612@qq.com,工作
刘六九,13983632677,13867560065,2009389@qq.com,工作
李二三,13987923201,,1584868@qq.com,工作
刘四九,13980776816,13863677839,5932070@qq.com,工作
徐七七,13989314288,13867648098,5844523@qq.com,工作
周五二,13986415436,13863167590,8897128@qq.com,工作
张二八,13986409746,13865012113,3595142@qq.com,工作
刘九一,13989933213,,4139530@qq.com,工作
刘九二,13986837789,,416872@qq.com,工作
张三七,13983574833,,3200061@qq.com,工作
张五六,13981312882,,7965526@qq.com,工作
李七四,13984380932,13863610073,9129387@qq.com,工作
杨八八,13989050422,13860031614,4500506@qq.com,工作
李四七,13980900734,13860077101,9090538@qq.com,工作
张六五,13981942530,13868261111,2097954@qq.com,工作
王五二,13983471705,13861428330,6089338@qq.com,工作
王七二,13986883145,13867596018,2412936@qq.com,工作
杨四八,13985560719,13866468941,6108705@qq.com,工作
杨五七,13982261106,13863848053,7077905@qq.com,工作
杨五九,13982075918,13866424589,3290805@qq.com,工作
李九九,13985058826,13869932243,9847426@qq.com,工作
李二七,13985837424,13861789548,5542844@qq.com,工作
李六九,13982293888,13867975742,9308212@qq.com,工作
李二四,13989342953,13867430960,9862012@qq.com,工作
徐六一,13984145143,13866284256,7386851@qq.com,工作
徐十四,13988100939,13864893215,4534683@qq.com,工作
张四四,13981494855,13865671830,9753063@qq.com,工作
张二五,13981050689,13861375532,2810766@qq.com,工作
张七七,13988987621,13863764154,1746444@qq.com,工作
刘七二,13986216520,13867999957,8992529@qq.com,工作
徐六九,13987227071,13864977208,6507921@qq.com,工作
李九二,13988337424,,1386062@qq.com,工作
李二九,13985338740,,2788481@qq.com,工作
杨四一,13981973007,,5943239@qq.com,工作
李四六,13981319295,,7249651@qq.com,工作
徐三一,13983912608,,6408262@qq.com,工作
杨五二,13981321885,,85823@qq.com,工作
王二四,13980649464,,3026130@qq.com,工作
刘九六,13987099614,,8342651@qq.com,工作
刘十一,13981692141,13867555020,4509605@qq.com,工作
李二十,13982786678,13865977569,5150079@qq.com,工作
王七四,13980774567,13861716125,9816130@qq.com,工作
周三六,13982739935,13869149038,1287558@qq.com,工作
李三六,13983698138,,1141692@qq.com,工作
王二三,13986212991,13868417020,9480026@qq.com,工作
杨五四,13987047629,13866844114,2827582@qq.com,工作
李八六,13989992806,13863834136,2613912@qq.com,工作
周二七,13985399187,13869551072,7330481@qq.com,工作
王六三,13986624484,,8591346@qq.com,工作
王四三,13984632953,13860298254,2045943@qq.com,工作
杨九九,13986684370,13861392506,4522156@qq.com,工作
张五三,13981292549,13863726543,4435973@qq.com,工作
徐四二,13982327066,13869669407,3094445@qq.com,工作
王九八,13986527432,,354453@qq.com,工作
杨一五,13980014304,13869837119,4012635@qq.com,工作
杨二二,13989107081,13861388857,9719783@qq.com,工作
杨四三,13981502332,13860412802,9423687@qq.com,工作
杨八五,13983044515,13869910596,2001502@qq.com,工作
刘八二,13983021971,13868547062,9734546@qq.com,工作
李六四,13988018756,13863379232,3882760@qq.com,工作
李七三,13984414014,,2220551@qq.com,工作
李五六,13989526722,13864403067,8899659@qq.com,工作
杨二七,13989440019,13865987400,6524216@qq.com,工作
刘五一,13982929521,13868627166,1845919@qq.com,工作
张九五,13985685297,13866291724,2404653@qq.com,工作
周九四,13981780225,13869684998,3571706@qq.com,工作
李三八,13980969095,13861288016,9330424@qq.com,工作
刘七四,13986956601,13867802588,7333433@qq.com,工作
张十五,13983778137,13866850608,6767559@qq.com,工作
王三二,13984360333,13866789821,398943@qq.com,工作
刘六八,13980359765,13869960118,7870711@qq.com,工作
李九七,13982821080,13861350548,3660977@qq.com,工作
李十十,13986270843,13861064954,8113888@qq.com,工作
周四六,13982391868,13865127262,5616210@qq.com,工作
李二八,13981035476,13864264305,6932269@qq.com,工作
王三九,13983034067,13866681724,4468541@qq.com,工作
刘一九,13989810855,13866049177,4939768@qq.com,工作
王八三,13987240959,13867045302,9736442@qq.com,工作
李五四,13980655507,13865962820,1615935@qq.com,工作
周四九,13986113366,13860531844,9624550@qq.com,工作
李六二,13985034213,13861177313,7788081@qq.com,工作
刘一十,13989873223,13863464649,9502465@qq.com,工作
刘二五,13988031217,,906959@qq.com,工作
杨八一,13984340093,,9569395@qq.com,工作
杨十六,13988730049,,7431845@qq.com,工作
王八六,13980911042,,5228587@qq.com,工作
周九六,13984272390,,9614323@qq.com,工作
杨五五,13985342652,,3823533@qq.com,工作
张三六,13983376482,,305355@qq.com,工作
李九四,13982863737,,8745602@qq.com,工作
张四三,13985403392,,9999502@qq.com,工作
周七九,13980374541,,1878804@qq.com,工作
李九六,13985880949,13861197266,5357458@qq.com,工作
刘三八,13982052271,13860954438,6781856@qq.com,工作
刘四八,13980350518,13862102714,514708@qq.com,工作
杨七九,13989964078,13863256406,1334190@qq.com,工作
刘八六,13982392574,13862436809,335118@qq.com,工作
徐九二,13983750286,13860672803,1450129@qq.com,工作
刘五七,13984555053,13861297721,7639306@qq.com,工作
李四四,13986559972,,6996385@qq.com,工作
张六八,13980542774,13869914619,4870176@qq.com,工作
张六七,13987093710,13868737701,5485072@qq.com,工作
周七三,13986142141,13861449504,32965@qq.com,工作
杨六三,13988279685,13862107465,9722248@qq.com,工作
周三三,13985651384,,6776868@qq.com,工作
王四六,13987763694,,2505734@qq.com,工作
王五七,13983188079,,7925131@qq.com,工作
李七六,13980774949,,8883224@qq.com,工作
李三四,13982734479,,6442225@qq.com,工作
李三九,13988266946,,320149@qq.com,工作
张八三,13988324361,,6813577@qq.com,工作
刘五二,13981898101,,5532193@qq.com,工作
李四九,13980134121,,9907445@qq.com,工作
杨六九,13986886639,,7768155@qq.com,工作
周八三,13981737431,,3639640@qq.com,工作
张六四,13981075983,,5855566@qq.com,工作
周三九,13980343126,13868884086,8994824@qq.com,工作
李三七,13988478346,13869032065,931285@qq.com,工作
张七三,13980376522,13869768700,8120241@qq.com,工作
王八二,13987938289,13861701114,2567618@qq.com,工作
周五四,13983960821,13865774083,7726746@qq.com,工作
徐七六,13987383108,13867408870,8120413@qq.com,工作
徐十九,13985661651,13867522675,7389852@qq.com,工作
刘十五,13986342273,13863729257,6015450@qq.com,工作
杨一八,13983846311,13863441155,9143420@qq.com,工作
杨七五,13986650897,13864567890,8062780@qq.com,工作
徐二三,13981684125,13869910105,7681085@qq.com,工作
王七五,13980311968,13865450028,7181456@qq.com,工作
王六七,13988452281,13863348885,7052617@qq.com,工作
徐四三,13981745116,13867522866,8170025@qq.com,工作
杨七八,13988795152,13861726860,6480861@qq.com,工作
杨八十,13982649819,13860762322,9391708@qq.com,工作
杨五八,13987724470,13862661510,9264148@qq.com,工作
周四八,13981546447,13864929200,8775962@qq.com,工作
李六七,13988426040,13866474182,8587425@qq.com,工作
李二五,13985837202,13863713889,2650831@qq.com,工作
王十二,13981653558,13867089037,9234566@qq.com,工作
杨十八,13984289517,13863517075,3147059@qq.com,工作
刘六三,13983654985,13861669854,9930423@qq.com,工作
刘五三,13980107326,13865259741,783890@qq.com,工作
李八七,13987630157,13860379138,8961852@qq.com,工作
周十六,13985877994,13865525213,6920248@qq.com,工作
李十三,13981949048,13863902947,7894230@qq.com,工作
杨一三,13980799122,13865841759,4469506@qq.com,工作
刘十九,13980105053,13863263294,158453@qq.com,工作
刘六四,13981847127,13864423193,6610267@qq.com,工作
李十二,13986949644,13868257876,1611747@qq.com,工作
王三八,13987856184,13865498048,1805559@qq.com,工作
刘十三,13984533330,,9896579@qq.com,工作
王四五,13989773171,,7918635@qq.com,工作
王十四,13983648667,,8631672@qq.com,工作
张九九,13985142860,,4212860@qq.com,工作
李三十,13980633299,13865446732,4536389@qq.com,工作
徐一四,13985862214,13862818091,695131@qq.com,工作
李四三,13989881361,,3074502@qq.com,工作
周八六,13986948433,13860642091,6127234@qq.com,工作
周三五,13989544852,,1687794@qq.com,工作
刘二二,13981210435,13865490944,5782713@qq.com,工作
王二十,13981770920,13869694090,2742707@qq.com,工作
刘二十,13980167763,13865617723,3537970@qq.com,工作
刘六六,13984975737,13866458160,5385846@qq.com,工作
周五五,13989750326,13867828742,5078680@qq.com,工作
杨七一,13987212092,,6453961@qq.com,工作
王二七,13989844098,13860124376,8472822@qq.com,工作
李一七,13988601030,13865086328,1060361@qq.com,工作
徐八三,13982188348,13869511176,5230158@qq.com,工作
杨六五,13985185091,13868144884,2149723@qq.com,工作
王七六,13986247755,13862341664,4740254@qq.com,工作
刘十七,13987622131,13867540160,8669946@qq.com,工作
王二二,13980383965,13860156869,8673884@qq.com,工作
李五九,13987160463,13863963276,9326270@qq.com,工作
周七七,13982559822,,7551938@qq.com,工作
周十四,13988324890,,3384839@qq.com,工作
周八四,13982393459,,4055467@qq.com,工作
周十八,13986696454,,156042@qq.com,工作
周三八,13982891136,,6195901@qq.com,工作
王五九,13986625622,13864675106,6618839@qq.com,工作
刘九四,13980091098,13864155076,3496738@qq.com,工作
张九六,13982390840,13863111595,287960@qq.com,工作
李一十,13981041634,13861173180,5296435@qq.com,工作
张七九,13986516662,13860066423,1880597@qq.com,工作
徐五四,13982031834,,7785293@qq.com,工作
周四七,13989434714,,1474205@qq.com,工作
周五十,13987773295,,2568135@qq.com,工作
王六一,13989928428,,4454168@qq.com,工作
李七五,13987114321,,6838815@qq.com,工作
李七十,13981414862,13860284612,5338695@qq.com,工作
李四五,13981126138,13864866336,9813132@qq.com,工作
李七一,13983661265,13867612210,5496561@qq.com,工作
周三十,13988541402,,2040822@qq.com,工作
周六七,13980581610,13867388877,1207141@qq.com,工作
李八二,13987836035,13866787748,150002@qq.com,工作
刘二四,13988169172,13868287559,7268140@qq.com,工作
周六八,13986010919,13865109861,5956153@qq.com,工作
周二二,13982000185,,3072928@qq.com,工作
周二六,13981361124,13864367200,8151261@qq.com,工作
杨三八,13985188817,13865179412,4976381@qq.com,工作
周四一,13988743787,,765371@qq.com,工作
李八十,13989379753,13868273806,3377629@qq.com,工作
李六五,13986553304,,7360734@qq.com,工作
刘八三,13981221871,13864552241,3187294@qq.com,工作
刘八七,13985802174,,2107434@qq.com,工作
杨九十,13982558597,13863468476,3953734@qq.com,工作
李一八,13984454114,13863206557,2319486@qq.com,工作
周八十,13988074571,13866741782,8472659@qq.com,工作
刘八九,13982579576,13865706894,2234651@qq.com,工作
李八三,13986159353,13861661560,5822293@qq.com,工作
张三三,13985521576,13867346996,7948658@qq.com,工作
刘二七,13981963932,13862004898,307780@qq.com,工作
周一九,13981431911,13863981652,513148@qq.com,工作
王五一,13988782293,13860349047,5568277@qq.com,工作
张五一,13989005070,13865074511,2306735@qq.com,工作
周五六,13987112216,13862515693,964751@qq.com,工作
